OrganizationID,SourceID
3,33
27,140
27,141
27,142
27,143
27,144
27,145
27,146
2,6
25,136
3,1
3,3
3,29
3,30
3,31
3,32
8,139
3,34
3,131
4,35
5,36
28,137
6,44
6,104
7,38
8,39
8,56
9,41
9,42
9,43
10,2
10,48
10,50
10,51
6,37
1,108
2,138
3,193
12,57
1,4
10,154
29,147
30,148
30,149
30,150
31,151
11,152
11,157
11,158
17,112
17,113
17,114
32,115
17,116
32,117
32,118
32,119
32,120
32,121
32,122
11,159
19,124
19,125
11,163
11,164
8,155
12,156
8,159
3,35
32,117
32,118
32,119
32,121
32,122
3,165
3,169
12,168
8,194
8,199
11,199
10,113
32,119
32,121
32,122
25,114
32,115
11,116
32,117
32,118
32,120
32,120
32,121
32,122
25,125
2,132
9,170
2,175
8,176
35,178
3,179
3,180
3,181
34,182
34,183
12,184
8,190
